﻿SET ,GAME1,GAME2,CARD1,CARD2,CARD3,CARD4,CARD5,CARD6,CARD7,CARD8,CARD9,CARD10,ADDITIONAL THINGS
First Game,Dominion,,Cellar,Market,Merchant,Militia,Mine,Moat,Remodel,Smithy,Village,Workshop,None
Underlings,Dominion,Intrigue,Cellar,Festival,Library,Sentry,Vassal,Courtier,Diplomat,Minion,Nobles,Pawn,None
Reach for Tomorrow,Dominion,Seaside,Artisan,Cellar,Council Room,Vassal,Village,Cutpurse,Ghost Ship,Lookout,Sea Hag,Treasure Map,None
Servants,Alchemy,Intrigue,Golem,Possession,Scrying Pool,Transmute,Vineyard,Conspirator,Mill,Minion,Pawn,Steward,Potion
Forbidden Arts,Alchemy,Dominion,Apprentice,Familiar,Possession,University,Bandit,Cellar,Council Room,Gardens,Laboratory,Throne Room,Potion
Size Distortion,Dominion,,Artisan,Bandit,Bureaucrat,Chapel,Festival,Gardens,Sentry,Throne Room,Witch,Workshop,None
Deck Top,Dominion,,Artisan,Bureaucrat,Council Room,Festival,Harbinger,Laboratory,Moneylender,Sentry,Vassal,Village,None
Slight of Hand,Dominion,,Cellar,Council Room,Festival,Gardens,Library,Harbinger,Militia,Poacher,Smithy,Throne Room,None
Improvements,Dominion,,Artisan,Cellar,Market ,Merchant,Mine,Moat,Moneylender,Poacher,Remodel,Witch,None
Silver & Gold,Dominion,,Bandit,Bureaucrat,Chapel,Harbinger,Laboratory,Merchant,Mine,Moneylender,Throne Room,Vassal,None
Grand Scheme,Dominion,Intrigue,Artisan,Council Room,Market ,Militia,Workshop,Bridge,Mill,Mining Village,Patrol,Shanty Town,None
Deconstruction,Dominion,Intrigue,Bandit,Mine,Remodel,Throne Room,Village,Diplomat,Harem,Lurker,Replace,Swindler,None
Repetition ,Dominion,Seaside,Festival ,Harbinger,Militia,Workshop,Caraven,Explorer,Outpost,Pearl Diver,Pirate Ship,Treasury,None
Give and Take,Dominion,Seaside,Library,Market,Moneylender,Witch,Ambassador,Fishing Village,Haven,Island,Salvager,Smugglers,None
Potion Mixers,Dominion,Alchemy,Cellar,Festival,Militia,Poacher,Smithy,Alchemist,Apothecary,Golem,Herbalist,Transmute,Potion
Chemistry Lesson,Dominion,Alchemy,Bureaucrat,Market,Moat,Remodel,Vassal,Witch,Alchemist,Golem,Philosopher's Stone,University,Potion
Biggest Money,Dominion,Prosperity,Artisan,Harbinger,Laboratory,Mine,Moneylender,Bank,Grand Market,Mint,Royal Seal,Venture,None
The King's Army,Dominion,Prosperity,Bureaucrat,Council Room,Merchant,Moat,Village,Expand,Goons,King's Court,Rabble,Vault,None
The Good Life,Dominion,Prosperity,Artisan,Bureaucrat,Cellar,Gardens,Village,Contraband,Counting House,Hoard,Monument,Mountebank,None
Bounty of the Hunt,Dominion,Cornucopia/Guilds,Cellar,Festival,Militia,Moneylender,Smithy,Harvest,Horn of Plenty,Hunting Party,Menagerie,Tournament,None
Highway Robbery,Dominion,Hinterlands,Cellar,Library,Moneylender,Throne Room,Workshop,Highway,Inn,Margrave,Noble Brigand,Oasis,None
Adventures Abroad,Dominion,Hinterlands,Festival ,Laboratory,Remodel,Sentry,Vassal,Crossroads,Farmland,Fool's Gold,Oracle,Spice Merchant,None
High and Low,Dominion,Dark Ages,Cellar,Moneylender,Throne Room,Witch,Workshop,Hermit,Hunting Grounds,Mystic,Poor House,Wandering Minstrel,Shelters
Chivalry and Revelry,Dominion,Dark Ages,Festival ,Gardens,Laboratory,Library,Remodel,Altar,Knights,Rats,Scavenger,Squire,Shelters
Level Up,Dominion,Adventures,Market,Merchant,Militia,Throne Room,Workshop,Dungeon,Gear,Guide,Lost City,Miser,Training
Son of Size Distortion,Dominion,Adventures,Bandit,Bureaucrat,Gardens,Moneylender,Witch,Amulet,Duplicate,Giant,Messenger,Treasure Trove,Bonfire Raid
Everything in Moderation,Dominion,Empires,Cellar,Library,Remodel,Village,Workshop,Enchantress,Forum,Legionary,Overlord,Temple,Windfall Orchard
Silver Bullets,Dominion,Empires,Bureaucrat,Gardens,Laboratory,Market,Moneylender,Catapult,Charm,Farmers' Market,Groundskeeper,Patrician,Conquest Aqueduct
Night Shift,Dominion,Nocturne,Druid,Exorcist,Ghost Town,Idol,Night Watchman,Bandit,Gardens,Mine,Poacher,Smithy,"Boons, The Earth's Gift, The Flame's Gift, The Forest's Gift"
Idle Hands,Dominion,Nocturne,Bard,Conclave,Cursed Village,Devil's Workshop,Tragic Hero,Cellar,Harbinger,Market,Merchant,Moneylender,"Boons, Hexes"
It Takes a Villager,Dominion,Renaissance,Acting Troupe,Cargo Ship,Recruiter,Seer,Treasurer,Market,Merchant,Mine,Smithy,Vassal,"Road Network, Key"
Capture the Flag,Dominion,Renaissance,Flag Bearer,Lackeys,Scholar,Swashbuckler,Villain,Cellar,Festival,Harbinger,Remodel,Workshop,"Barracks Pageant, Flag, Treasure Chest"
Pony Express,Dominion,Menagerie,Barge,Destrier,Paddock,Stockpile,Supplies,Artisan,Cellar,Market,Mine,Village,"Stampede, Way of the Seal"
Garden of Cats,Dominion,Menagerie,Black Cat,Displace,Sanctuary,Scrap,Snowy Village,Bandit,Gardens,Harbinger,Merchant,Moat,"Toil, Way of the Mole"
Bad Omens,Dominion,Cornucopia/Guilds,Bureaucrat,Laboratory,Merchant,Poacher,Throne Room,Fortune Teller,Hamlet,Horn of Plenty,Jester,Remake,None
The Jester's Workshop,Dominion,Cornucopia/Guilds,Artisan,Laboratory,Market ,Remodel,Workshop,Fairgrounds,Farming Village,Horse Traders,Jester,Young Witch,Merchant
Arts and Crafts,Dominion,Cornucopia/Guilds,Laboratory,Cellar,Workshop,Festival,Moneylender,Stonemason,Advisor,Baker,Journeyman,Merchant Guild,None
Clean Living,Dominion,Cornucopia/Guilds,Bandit,Militia,Moneylender,Gardens,Village,Butcher,Baker,Candlestick Maker,Doctor,Soothsayer,None
Gilding the Lily,Dominion,Cornucopia/Guilds,Library,Merchant,Remodel,Market,Sentry,Plaza,Masterpiece,Candlestick Maker,Taxman,Herald,None
Victory Dance,Intrigue,,Baron,Courtier,Duke,Harem,Ironworks,Masquerade,Mill,Nobles,Patrol,Replace,None
The Plot Thickens,Intrigue,,Conspirator,Ironworks,Lurker,Pawn,Mining Village,Secret Passage,Steward,Swindler,Torturer,Trading Post,None
Best Wishes,Intrigue,,Baron,Conspirator,Courtyard,Diplomat,Duke,Secret Passage,Shanty Town,Torturer,Upgrade,Wishing Well,None
A Star to Steer By,Intrigue,Seaside,Secret Passage,Diplomat,Swindler,Wishing Well,Courtier,Lookout,Treasure Map,Ghost Ship,Haven,Outpost,None
Shore Patrol,Intrigue,Seaside,Patrol,Replace,Shanty Town,Trading Post,Pawn,Island,Wharf,Cutpurse,Lighthouse,Warehouse,None
Bridge Crossing,Intrigue,Seaside,Lurker,Nobles,Duke,Conspirator,Bridge,Salvager,Embargo,Smugglers,Native Village,Treasury,None
Secret Research,Intrigue,Alchemy,Bridge,Masquerade,Minion,Nobles,Shanty Town,Torturer,Familiar,Herbalist,Philosopher's Stone,University,Potion
"Pools, Tools, and Fools",Intrigue,Alchemy,Baron,Ironworks,Lurker,Nobles,Trading Post,Wishing Well,Apothecary,Apprentice,Golem,Scrying Pool,Potion
Paths to Victory,Intrigue,Prosperity,Bishop,Counting House,Goons,Monument,Peddler,Baron,Harem,Pawn,Shanty Town,Upgrade,None
All Along the Watchtower,Intrigue,Prosperity,Hoard,Talisman,Trade Route,Vault,Watchtower,Bridge,Mill,Mining Village,Pawn,Torturer,None
Lucky Seven,Intrigue,Prosperity,Bank,Expand,Forge,King's Court,Vault,Bridge,Lurker,Patrol,Swindler,Wishing Well,None
Last Laughs,Intrigue,Cornucopia/Guilds,Farming Village,Harvest,Horse Traders,Hunting Party,Jester,Minion ,Nobles,Pawn,Steward,Swindler,None
The Spice of Life,Intrigue,Cornucopia/Guilds,Fairgrounds,Horn of Plenty,Remake,Tournament,Young Witch,Courtier,Courtyard,Diplomat,Mining Village,Replace,Wishing Well
Small Victories,Intrigue,Cornucopia/Guilds,Fortune Teller,Hamlet,Hunting Party,Remake,Tournament,Conspirator,Duke,Harem,Pawn,Secret Passage,None
Money For Nothing,Intrigue,Hinterlands,Replace ,Patrol,Pawn,Shanty Town ,Torturer,Cache,Cartographer,Jack of All Trades,Silk Road,Tunnel,None
The Duke's Ball,Intrigue,Hinterlands,Conspirator,Duke,Harem,Masquerade,Upgrade,Duchess,Haggler,Inn,Noble Brigand,Scheme,None
Prophecy,Intrigue,Dark Ages,Armory,Ironmonger,Mystic,Rebuild,Vagrant,Baron,Conspirator,Nobles,Secret Passage,Wishing Well,Shelters
Invasion,Intrigue,Dark Ages,Beggar,Marauder,Rogue,Squire,Urchin,Diplomat,Harem,Swindler,Torturer,Upgrade,"Ruins, Shelters"
Name That Card,Intrigue,Cornucopia/Guilds,Baker,Doctor,Plaza,Advisor,Masterpiece,Courtyard,Harem,Nobles,Replace,Wishing Well,None
Tricks of the Trade,Intrigue,Cornucopia/Guilds,Stonemason,Herald,Soothsayer,Journeyman,Butcher,Conspirator,Masquerade,Mill,Nobles,Secret Passage,None
"Decisions, Decisions",Intrigue,Cornucopia/Guilds,Merchant Guild,Candlestick Maker,Masterpiece,Taxman,Butcher,Bridge,Pawn,Mining Village,Upgrade,Duke,None
Royalty Factory,Intrigue,Adventures,Bridge Troll ,Duplicate,Page,Raze,Royal Carriage,Conspirator,Courtier,Harem,Nobles,Swindler,Pilgrimage
Masters of Finance,Intrigue,Adventures,Artificer,Distant Lands,Gear,Transmogrify,Wine Merchant,Bridge,Pawn,Shanty Town,Steward,Upgrade,"Ball, Borrow"
Delicious Torture,Intrigue,Empires,Castles,Crown,Enchantress,Sacrifice,Settlers,Baron,Bridge,Harem,Ironworks,Torturer,"Banquet, Arena"
Buddy System,Intrigue,Empires,Archive,Capital,Catapult,Engineer,Forum,Masquerade,Mining Village,Nobles,Pawn,Trading Post,"Salt the Earth, Wolf Den"
Shadowy Figures,Intrigue,Nocturne,Cobbler,Conclave,Faithful Hound,Shepherd ,Tragic Hero,Bridge,Conspirator,Mill,Nobles,Secret Passage,None
Impending Doom,Intrigue,Nocturne,Leprechaun,Monastery,Necromancer,Tormentor,Werewolf,Courtier,Lurker,Mining Village,Swindler,Upgrade,Hexes
Memento Mori,Intrigue,Renaissance,Experiment,Flag Bearer,Patron,Recruiter,Silk Merchant,Ironworks,Lurker,Patrol,Swindler,Upgrade,"Citadel, Flag"
Clockwork Court,Intrigue,Renaissance,Acting Troupe,Inventor,Reseach,Scepter,Scholar,Courtier,Mining Village,Nobles,Replace,Steward,"Fleet, Sinister Plot"
Dog & Pony Show,Intrigue,Menagerie,Camel Train,Cavalry,Goatherd,Paddock,Sheepdog,Mill,Nobles,Pawn,Torturer,Upgrade,"Commerce, Way of the Horse"
Explosions,Intrigue,Menagerie,Animal Fair,Bounty Hunter,Coven,Hunting Lodge,Scrap,Courtyard,Diplomat,Lurker,Replace,Wishing Well,"Populate, Way of the Squirrel "
High Seas,Seaside,,Bazaar,Caravan,Embargo,Explorer,Haven,Island,Lookout,Pirate Ship,Smugglers,Wharf,None
Buried Treasure ,Seaside,,Ambassador,Cutpurse,Fishing Village,Lighthouse,Outpost,Pearl Diver,Tactician,Treasure Map,Warehouse,Wharf,None
Shipwrecks,Seaside,,Ghost Ship,Merchant Ship,Native Village,Navigator,Pearl Diver,Salvager,Sea Hag,Smugglers,Treasury,Warehouse,None
Forewarned,Seaside,Alchemy,Cutpurse,Embargo,Ghost Ship,Native Village,Treasure Map,Apothecary,Golem,Possession,Scrying Pool,Transmute,Potion
Gummed Up,Seaside,Alchemy,Ambassador,Haven,Sea Hag,Smugglers,Warehouse,Apprentice,Familiar,Herbalist,Philosopher's Stone,Vineyard,Potion
Exploding Kingdom,Seaside,Prosperity,Bishop,City,Grand Market,King's Court,Quarry,Fishing Village,Lookout,Outpost,Tactician,Wharf,None
Pirate Bay,Seaside,Prosperity,Expand,Hoard,Mint,Trade Route,Watchtower,Bazaar,Lighthouse,Pirate Ship,Smugglers,Warehouse,None
Collector,Seaside,Cornucopia/Guilds,Embargo,Fishing Village,Merchant Ship,Navigator,Smugglers,Fairgrounds,Farming Village,Fortune Teller,Harvest,Hunting Party,None
Collider,Seaside,Cornucopia/Guilds,Lighthouse,Salvager,Treasure Map,Treasury,Warehouse,Menagerie,Horn of Plenty,Horse Traders,Jester,Tournament,None
Travelers,Seaside,Hinterlands,Cutpurse,Island,Lookout,Merchant Ship,Warehouse,Cartographer,Crossroads,Farmland,Silk Road,Stables,None
Diplomacy,Seaside,Hinterlands,Ambassador,Bazaar,Caravan,Embargo,Smugglers,Embassy,Farmland,Ill-Gotten Gains,Noble Brigand,Trader,None
Watery Graves,Seaside,Dark Ages,Count,Graverobber,Hermit,Scavenger,Urchin,Native Village,Pirate Ship,Salvager,Treasure Map,Treasury,Shelters
Peasants,Seaside,Dark Ages,Death Cart,Feodum,Poor House,Urchin,Vagrant,Fishing Village,Haven,Island,Lookout,Warehouse,"Ruins, Shelters"
Ghosts & Taxes,Seaside,Cornucopia/Guilds,Cutpurse,Ghost Ship,Haven,Outpost,Smugglers,Butcher,Candlestick Maker,Herald,Soothsayer,Taxman,None
Island Builder,Seaside,Cornucopia/Guilds,Island,Native Village,Salvager,Tactician,Treasury,Baker,Doctor,Merchant Guild,Plaza,Stonemason,None
Prince of Orange,Seaside,Adventures,Amulet,Dungeon,Haunted Woods,Page,Swamp Hag,Caravan,Fishing Village,Merchant Ship,Tactician,Treasure Map,Mission
Gifts and Fathoms,Seaside,Adventures,Bridge Troll ,Caravan Guard,Hireling,Lost City,Messenger,Ambassador,Embargo,Haven,Salvager,Smugglers,"Expedition, Quest"
Boxed In,Seaside,Empires,Castles,Chariot Race,Emncampment,Enchantress,Gladiator,Salvager,Smugglers,Tactician,Warehouse,Wharf,"Tax, Wall"
King of the Sea,Seaside,Empires,Archive,Farmers' Market,Overlord,Temple,Wild Hunt,Explorer,Haven,Native Village,Pirate Ship,Sea Hag,"Delve, Fountain"
The New Black,Seaside,Nocturne,Cobbler,Den of Sin,Ghost Town,Raider,Secret Cave,Caravan,Haven,Merchant Ship,Outpost,Tactician,None
Forbidden Isle,Seaside,Nocturne,Blessed Village,Cemetery,Idol,Tracker,Tragic Hero,Fishing Village,Ghost Ship,Lookout,Salvager,Treasure Map,Boons
Free Shipping,Seaside,Renaissance,Acting Troupe,Cargo Ship,Lackeys,Research,Spices,Embargo,Island,Outpost,Smugglers,Wharf,Innovation
Digging For Treasure,Seaside,Renaissance,Border Guard,Flag Bearer,Inventor,Sculptor,Swashbuckler,Caravan,Native Village,Salvager,Tactician,Treasure Map,"Crop Rotation, Silos, Flag, Horn, Lantern, Treasure Chest"
Innsmouth,Seaside,Menagerie,Animal Fair,Barge,Coven,Fisherman,Sheepdog,Caravan,Explorer,Fishing Village,Haven,Treasure Map,"Invest, Way of the Goat"
Ruritania,Seaside,Menagerie,Bounty Hunter,Cavalry,Falconer,Sleigh,Village Green,Lookout,Smugglers,Outpost,Tactician,Warehouse,"Alliance, Way of the Monkey"
Counting Contest,Alchemy,Prosperity,Apothecary,Golem,Herbalist,Philosopher's Stone,Bank,Counting House,Goons,Hoard,Rabble,Quarry,Potion
Lower Learning,Alchemy,Prosperity,Apprentice,Familiar,University,Vineyard,Bishop,Mint,Peddler,Talisman,Worker's Village,Vault,Potion
Clown College,Alchemy,Cornucopia/Guilds,Alchemist,Familiar,Golem,Philosopher's Stone,University,Harvest,Horse Traders,Jester,Menagerie,Remake,Potion
Wine & Dine,Alchemy,Cornucopia/Guilds,Apothecary,Apprentice,Scrying Pool,Transmute,Vineyard,Fairgrounds,Hamlet,Horn of Plenty,Hunting Party,Young Witch,"Herbalist, Potion"
Schemes and Dreams,Alchemy,Hinterlands,Apothecary,Apprentice,Herbalist,Philosopher's Stone,Trasmute,Duchess,Fool's Gold,Ill-Gotten Gains,Jack of All Trades,Scheme,Potion
Wine Country,Alchemy,Hinterlands,Apprentice,Familiar,Golem,University,Vineyard,Crossroads,Farmland,Haggler,Highway,Nomad Camp,Potion
Infestations,Alchemy,Dark Ages,Apprentice,Scrying Pool ,Transmute,Vineyard,Armory,Cultist,Feodum,Market Square,Rats,Wandering Minstrel,"Potion, Ruins, Shelters"
Lamentations,Alchemy,Dark Ages,Apothecary,Golem,Herbalist,University,Beggar,Catacombs,Counterfeit,Forager,Ironmonger,Pillage,"Potion, Shelters"
Illuminati,Alchemy,Cornucopia/Guilds,Apprentice,Golem,Philosopher's Stone,Scying Pool,University,Butcher,Herald,Masterpiece,Merchant Guild,Stonemason,Potion
Tonics & Toxins,Alchemy,Cornucopia/Guilds,Alchemist,Familiar,Herbalist,Transmute,Vineyard,Baker,Candlestick Maker,Doctor,Plaza,Soothsayer,Potion
Haste Potion,Alchemy,Adventures,Apprentice,Scrying Pool ,Transmute,University,Vineyard,Magpie,Messenger,Port,Royal Carriage,Treasure Trove,"Potion, Plan"
Cursecatchers,Alchemy,Adventures,Apothecary,Familiar,Golem,Herbalist,Philosopher's Stone,Amulet,Bridge Troll,Caravan Guard,Peasant,Ratcatcher,"Potion, Save, Trade"
Collectors,Alchemy,Empires,Apothecary,Apprentice,Herbalist,Transmute,University,City Quarter,Crown,Encampment,Enchantress,Farmers' Market,"Potion, Colonnade, Museum"
Nightmare Fuel,Alchemy,Nocturne,Alchemist,Apprentice,Transmute,Vineyard,Bard,Blessed Village,Cemetery,Sacred Grove,Skulk,Tracker,"Potion, Boons, Hexes"
Peek-a-Boo,Alchemy,Renaissance,Cargo Ship,Improve,Lackeys,Patron,Sculptor,Silk Merchant,Alchemist,Apothecary,Golem,Scrying Pool,"Potion, Cathedral"
Class of 20,Alchemy,Menagerie,Cavalry,Coven,Hunting Lodge,Kiln,Livery,Snowy Village,Wayfarer,Transmute,Vineyard,University,"Potion, Delay, Way of the Owl"
Beginners,Prosperity,,Bank,Counting House,Expand,Goons,Monument,Rabble,Royal Seal,Venture,Watchtower,Worker's Village,"Platinum, Colony"
Friendly Interactive,Prosperity,,Bishop,City,Contraband,Forge,Hoard,Peddler,Royal Seal,Trade Route,Vault,Worker's Village,"Platinum, Colony"
Big Actions,Prosperity,,City,Expand,Grand Market,King's Court,Loan,Mint,Quarry,Rabble,Talisman,Vault,"Platinum, Colony"
Detours,Prosperity,Cornucopia/Guilds,Rabble,Peddler,Hoard,Trade Route,Venture,Farming Village,Horn of Plenty,Jester,Remake,Tournament,None
Instant Gratification,Prosperity,Hinterlands,Bishop,Expand,Hoard,Mint,Watchtower,Farmland,Haggler,Ill-Gotten Gains,Noble Brigand,Trader,None
Treasure Trove,Prosperity,Hinterlands,Bank,Monument,Royal Seal,Trade Route,Venture,Cache,Develop,Fool's Gold,Ill-Gotten Gains,Mandarin,None
One Man's Trash,Prosperity,Dark Ages,Counterfeit,Forager,Graverobber,Market Square,Rogue,City  ,Grand Market,Monument,Talisman,Venture,Shelters
Honor Among Thieves,Prosperity,Dark Ages,Bandit Camp,Procession,Rebuild,Rogue,Squire,Forge,Hoard,Peddler,Quarry,Watchtower,Shelters
Quarrymen,Prosperity,Cornucopia/Guilds,City,Expand,Grand Market,Mountebank,Quarry,Baker,Merchant Guild,Soothsayer,Stonemason,Taxman,"Platinum, Colony"
Metal & Meat,Prosperity,Cornucopia/Guilds,Forge,King's Court,Monument,Venture,Watchtower,Butcher,Candlestick Maker,Plaza,Stonemason,Taxman,"Platinum, Colony"
Penny Pinching,Prosperity,Cornucopia/Guilds,Bank,Counting House,Goons,Peddler,Royal Seal,Advisor,Doctor,Herald,Journeyman,Merchant Guild,"Platinum, Colony"
Last Will and Monument,Prosperity,Adventures,Coin of the Realm,Dungeon,Messenger,Relic,Treasure Trove,Bishop,Counting House,Monument,Rabble,Vault,"Platinum, Colony, Inheritance"
Think Big,Prosperity,Adventures,Distant Lands,Giant,Hireling,Miser,Storyteller,Contraband,Expand,Hoard,King's Court,Peddler,"Platinum, Colony, Ball, Ferry"
Big Time,Prosperity,Empires,Capital,Gladiator,Patrician,Royal Blacksmith,Villa,Bank,Forge,Grand Market,Loan,Royal Seal,"Platinum, Colony, Dominate, Obelisk"
Gilded Gates,Prosperity,Empires,Chariot Race,City Quarter,Encampment,Groundskeeper,Wild Hunt,Bishop,Monument,Mint,Peddler,Talisman,"Platinum, Colony ,Basilica, Palace"
Treasures of the Night,Prosperity,Nocturne,Crypt,Guardian,Night Watchman,Raider,Vampire,Bank,Contraband,Loan,Royal Seal,Venture,Hexes
Day at the Races,Prosperity,Nocturne,Blessed Village,Cemetery,Druid,Tormentor,Tragic Hero,Bishop,Peddler,Talisman,Trade Route,Watchtower,"Boons, Hexes, The Swamp's Gift, The River's Gift, The Forest's Gift"
Dreamers of Dreams,Prosperity,Renaissance,Cargo Ship,Old Witch,Priest,Scepter,Scholar,Expand,Monument,Vault,Watchtower,Worker's Village,Academy
Movers and Shakers,Prosperity,Renaissance,Hideout,Patron,Reseach,Treasurer,Villain,Bank,City,Grand Market,Loan,Rabble,"Capitalism, Citadel, Key"
Limited Time Offer,Prosperity,Menagerie,Destrier,Displace,Fisherman,Supplies,Wayfarer,Grand Market,Mint,Peddler,Talisman,Worker's Village,"Platinum, Colony, Desperation, Way of the Frog"
Birth of a Nation,Prosperity,Menagerie,Animal Fair,Camel Train,Mastermind,Paddock,Stockpile,City,Monument,Quarry,Rabble,Trade Route,"Platinum, Colony, Reap, Way of the Otter"
Blue Harvest,Cornucopia/Guilds,Hinterlands,Hamlet,Horn of Plenty,Horse Traders,Jester,Tournament,Fool's Gold,Mandarian,Noble Brigand,Trader,Tunnel,None
Traveling Circus,Cornucopia/Guilds,Hinterlands,Fairgrounds,Farming Village,Hunting Party,Jester,Menagerie,Border Village,Embassy,Fool's Gold,Nomad Camp,Oasis,None
Dark Carnival,Cornucopia/Guilds,Dark Ages,Band of Misfits,Cultist,Fortress,Hermit,Junk Dealer,Knights,Fairgrounds,Hamlet,Horn of Plenty,Menagerie,"Ruins, Shelters"
To the Victor,Cornucopia/Guilds,Dark Ages,Bandit Camp,Counterfeit,Death Cart,Marauder,Pillage,Sage,Harvest,Hunting Party,Remake,Tournament,"Ruins, Shelters"
Misfortune,Cornucopia/Guilds,,Advisor,Candlestick Maker,Doctor,Fairgrounds,Farming Village,Fortune Teller,Horse Traders,Jester,Soothsayer,Taxman,None
Baking Contest,Cornucopia/Guilds,,Baker,Farming Village,Harvest,Herald,Journeyman,Masterpiece,Menagerie,Remake,Stonemason,Tournament,None
The Hero's Return,Cornucopia/Guilds,Adventures,Artificer,Miser,Page,Ranger,Relic,Fairgrounds,Farming Village,Horse Traders,Jester,Menagerie,Travelling Fair
Seacraft and Witchcraft,Cornucopia/Guilds,Adventures,Peasant,Storyteller,Swamp Hag,Transmogrify,Wine Merchant,Fortune Teller,Hamlet,Horn of Plenty,Tournament,Young Witch,"Guide, Ferry, Seaway"
Zookeepers,Cornucopia/Guilds,Empires,Overlord,Sacrifice,Settlers,Villa ,Wild Hunt,Fairgrounds,Horse Traders,Menagerie,Jester,Tournament,"Annex, Colonade"
The Endless Fair,Cornucopia/Guilds,Nocturne,Devil's Workshop,Exorcist,Monastery,Pixie,Shepherd,Baker,Fairgrounds,Farming Village,Fortune Teller,Merchant Guild,Boons
Happy Chaos,Cornucopia/Guilds,Nocturne,Blessed Village,Changeling,Fool,Faithful Hound,Sacred Grove,Doctor,Harvest,Herald,Jester,Masterpiece,Boons
Combo Corner,Cornucopia/Guilds,Renaissance,Ducat,Experiment,Hideout,Sculptor,Seer,Herald,Horn of Plenty,Horse Traders,Jester,Stonemason,Canal
Filling the Coffers,Cornucopia/Guilds,Renaissance,Priest,Recruiter,Spices,Swashbuckler,Treasurer,Baker,Butcher,Menagerie,Merchant Guild,Plaza,"City Gate, Star Chart, Key, Treasure Chest"
Living in Exile,Cornucopia/Guilds,Menagerie,Gatekeeper,Hostelry,Livery,Scrap,Stockpile,Fairgrounds,Hamlet,Jester,Journeyman,Taxman,"Enclave, Way of the Mule"
Thrill of the Hunt ,Cornucopia/Guilds,Menagerie,Black Cat,Bounty Hunter,Camel Train,Mastermind,Village Green,Butcher,Horse Traders,Hunting Party,Menagerie,Tournament,"Pursue, Way of the Rat"
Introduction,Hinterlands,,Cache,Crossroads,Develop,Haggler,Jack of All Trades,Margrave,Nomad Camp,Oasis,Spice Merchant,Stables,None
Fair Trades,Hinterlands,,Border Village,Cartographer,Develop,Duchess,Farmland,Ill-Gotten Gains,Noble Brigand,Silk Road,Stables,Trader,None
Bargains,Hinterlands,,Border Village,Cache,Duchess,Fool's Gold,Haggler,Highway,Nomad Camp,Scheme,Spice Merchant,Trader,None
Gambits,Hinterlands,,Cartographer,Crossroads,Embassy,Inn,Jack of All Trades,Mandarin,Nomad Camp,Oasis,Oracle,Tunnel,None
Far From Home,Hinterlands,Dark Ages,Cartographer,Develop,Embassy,Fool's Gold,Haggler,Beggar,Count,Feodum,Marauder,Wandering Minstrel,"Ruins, Shelters"
Expeditions,Hinterlands,Dark Ages,Crossroads,Farmland,Highway,Spice Merchant,Tunnel,Altar,Catacombs,Ironmonger,Poor House,Storeroom,Shelters
Exchanges,Hinterlands,Cornucopia/Guilds,Butcher,Herald,Masterpiece,Soothsayer,Stonemason,Border Village,Develop,Ill-Gotten Gains,Stables,Trader,None
Road to Riches,Hinterlands,Cornucopia/Guilds,Advisor,Baker,Candlestick Maker,Journeyman,Merchant Guild,Crossroads,Farmland,Highway,Spice Merchant,Tunnel,None
Traiders and Raiders,Hinterlands,Adventures,Haunted Woods,Lost City,Page,Port,Wine Merchant,Develop,Farmland,Haggler,Spice Merchant,Trader,Raid
Journeys,Hinterlands,Adventures,Bridge Troll ,Distant Lands,Giant,Guide,Ranger,Cartographer,Crossroads,Highway,Inn,Silk Roads,"Expedition, Inheritance "
Simple Plans,Hinterlands,Empires,Catapult,Forum,Patrician,Temple,Villa ,Border Village,Develop,Haggler,Ill-Gotten Gains,Stables,"Donate, Labyrinth"
Expansion,Hinterlands,Empires,Castles,Charm,Encampment,Engineer,Legionary,Cache,Farmland,Highway,Spice Merchant,Tunnel,"Battlefield, Fountain"
Search Party,Hinterlands,Nocturne,Cobbler,Conclave,Druid,Faithful Hound,Werewolf,Cartographer,Highway,Inn,Oasis,Scheme,"Boons, Hexes, The Mountain's Gift, The Sky's Gift, The Sun's Gift"
Counting Sheep,Hinterlands,Nocturne,Bard,Crypt,Leprechaun,Pooka,Shepherd,Crossroads,Farmland,Haggler,Noble Brigand,Tunnel,"Boons, Hexes"
Sweetened Deals,Hinterlands,Renaissance,Flag Bearer,Lackeys,Mountain Village,Silk Merchant,Spices,Cartographer,Develop,Farmland,Haggler,Spice Merchant,"Silos, Flag"
A Penny Saved,Hinterlands,Renaissance,Ducat,Patron,Scepter,Seer ,Swashbuckler,Cache,Crossroads,Noble Brigand,Oasis,Trader,"Barracks, Guildhall, Treasure Chest"
Big Blue,Hinterlands,Menagerie,Black Cat,Falconer,Sheepdog,Sleigh,Village Green,Cartographer,Fool's Gold,Margrave,Trader,Tunnel,"Banish, Way of the Turtle"
Intersection,Hinterlands,Menagerie,Cardinal,Hostelry,Livery,Mastermind,Supplies,Develop,Farmland,Haggler,Nomad Camp,Stables,"Gamble, Way of the Mouse, Crossroads"
Grim Parade,Dark Ages,,Armory,Band of Misfits,Catacombs,Cultist,Forager,Fortress,Hunting Grounds,Knights,Market Square,Procession,"Ruins, Shelters"
Chess With Death,Dark Ages,,Bandit Camp,Graverobber,Junk Dealer,Mystic,Pillage,Rats,Sage,Scavenger,Storeroom,Vagrant,Shelters
Stoneground,Dark Ages,Cornucopia/Guilds,Hunting Grounds,Ironmonger,Procession,Marauder,Rogue,Advisor,Baker,Candlestick Maker,Plaza,Stonemason,"Ruins, Shelters"
Class Struggle,Dark Ages,Cornucopia/Guilds,Feodum,Fortress,Knights,Market Square,Poor House,Butcher,Doctor,Journeyman,Merchant Guild,Taxman,Shelters
Cemetery Polka,Dark Ages,Adventures,Amulet,Caravan Guard,Hireling,Peasant,Relic,Graverobber,Marauder,Procession,Rogue,Wandering Minstrel,"Ruins, Shelters, Alms"
Groovy Decay,Dark Ages,Adventures,Dungeon,Haunted Woods,Ratcatcher,Raze,Transmogrify,Cultist,Death Cart,Fortress,Knights,Rats,"Ruins, Shelters, Lost Arts, Pathfinding"
Tomb of the Rat King,Dark Ages,Empires,Castles,Chariot Race,City Quarters,Legionary,Sacrifice,Death Cart,Fortress,Pillage,Rats,Storeroom,"Ruins, Shelters, Advance, Tomb"
Triumph of the Bandit King,Dark Ages,Empires,Capital,Charm,Engineer,Groundskeeper,Legionary,Bandit Camp,Catacombs,Hunting Grounds,Market Square,Procession,"Shelters, Triumph, Defiled Shrine"
The Squires's Ritual,Dark Ages,Empires,Archive,Catapult,Crown,Patrician,Settlers,Feodum,Hermit,Ironmonger,Rogue,Squire,"Shelters, Ritual, Museum"
Grave Matters,Dark Ages,Nocturne,Cemetery,Cursed Village,Necromancer,Skulk,Tormentor,Armory,Forager,Graverobber,Market Square,Squire,"Shelters, Hexes"
Rats and Bats,Dark Ages,Nocturne,Changeling,Devil's Workshop,Sacred Grove,Tracker,Vampire,Catacombs,Count,Fortress,Hermit,Rats,"Shelters, Boons, Hexes"
Stargazing,Dark Ages,Renaissance,Border Guard,Patron,Seer,Silk Merchant,Swashbuckler,Hermit,Mystic,Procession,Sage,Wandering Minstrel,"Shelters, Star Chart, Horn, Lantern, Treasure Chest"
Sewer Rats,Dark Ages,Renaissance,Flag Bearer,Improve,Lackeys,Mountain Village,Reseach,Count ,Counterfeit,Cultist,Graverobber,Rats,"Ruins, Shelters, Crop Rotation, Sewers, Flag"
Friendly Carnage,Dark Ages,Menagerie,Animal Fair,Cardinal,Falconer,Goatherd,Hunting Lodge,Altar,Beggar,Catacombs,Fortress,Market Square,"Shelters, Ride, Way of the Camel"
Gift Horses,Dark Ages,Menagerie,Camel Train,Destrier,Displace,Paddock,Scrap,Hunting Grounds,Pillage,Rats,Sage,Squire,"Shelters, Bargain, Way of the Butterfly"
Spendthrift,Cornucopia/Guilds,Adventures,Artificer,Gear,Magpie,Miser,Storyteller,Doctor,Masterpiece,Merchant Guild,Soothsayer,Stonemason,Lost Arts
Queen of Tan,Cornucopia/Guilds,Adventures,Coin of the Realm,Duplicate,Guide,Ratcatcher,Royal Carriage,Advisor,Butcher,Candlestick Maker,Herald,Journeyman,"Pathfinding, Save"
Cash Flow,Cornucopia/Guilds,Empires,Castles,City Quarter,Engineer,Gladiator,Royal Blacksmith,Baker,Butcher,Doctor,Herald,Soothsayer,"Baths, Mountain Pass"
Gentle Intro,Adventures,,Amulet,Distant Lands,Dungeon,Duplicate,Giant,Hireling,Port,Ranger,Ratcatcher,Treasure Trove,Scouting Party
Expert Intro,Adventures,,Caravan Guard,Coin of the Realm,Haunted Woods,Lost City,Magpie,Peasant,Raze,Swamp Hag,Tranmogrify,Wine Merchant,"Mission, Plan"
Area Control,Adventures,Empires,Capital,Catapult,Charm,Crown,Farmers' Market,Coin of the Realm,Page ,Relic,Treasure Trove,Wine Merchant,"Banquet, Keep"
No Money No Problems,Adventures,Empires,Archive,Encampment,Royal Blacksmith,Temple,Villa,Dungeon,Duplicate,Hireling,Peasant,Transmogrify,"Mission, Bandit, Fort"
Monster Mash,Adventures,Nocturne,Conclave,Guardian,Pixie,Vampire,Werewolf,Bridge Troll,Giant,Messenger,Ratcatcher,Storyteller,"Boons, Hexes, Quest"
Lost in the Woods,Adventures,Nocturne,Blessed Village,Druid,Fool,Sacred Grove,Tracker,Caravan Guard,Guide,Haunted Woods,Hireling,Ranger,"Boons, Hexes, The Sky's Gift, The Field's Gift, The Sea's Gift"
Progress,Adventures,Renaissance,Experiment,Improve,Recruiter,Seer ,Silk Merchant,Hireling,Ranger,Raze,Swamp Hag,Transmogrify,"Training, Piazza"
Once Upon a Time,Adventures,Renaissance,Acting Troupe,Lackeys,Priest,Sculptor,Spices,Distant Lands,Duplicate,Haunted Woods,Royal Carriage,Storyteller,"Ferry, Innovation"
Horse Feathers,Adventures,Menagerie,Destrier,Displace,Falconer,Sleigh,Stockpile,Magpie,Ranger,Ratcatcher,Relic,Royal Carriage,"Pilgrimage, Way of the Ox"
Sooner or Later,Adventures,Menagerie,Barge,Gatekeeper,Groom,Mastermind,Village Green,Amulet,Caravan Guard,Dungeon,Giant,Raze,"Toil, Mission"
Basic Intro,Empires,,Castles,Chariot Race,City Quarters,Engineer,Farmers' Market,Forum,Legionary,Patrician,Sacrifice,Villa ,"Wedding, Tower"
Advanced Intro,Empires,,Archive,Capital,Catapult,Crown,Enchantress,Gladiator,Groundskeeper,Royal Blacksmith,Settlers,Temple,"Arena, Triumphal Arch"
Luftschloss,Empires,Nocturne,Cemetery,Changeling,Exorcist,Fool ,Shepherd,Archive,Castles,Catapult,Engineer,Temple,"Boons, Tomb"
Pooka Pranks,Empires,Nocturne,Faithful Hound,Ghost Town,Pixie,Pooka ,Skulk,Chariot Race,Forum,Groundskeeper,Sacrifice,Settlers,"Boons, Hexes, Banquet"
Exploring the City,Empires,Renaissance,Cargo Ship,Experiment,Mountain Village,Priest,Sculptor,City Quarter,Farmers' Market,Groundskeeper,Sacrifice,Wild Hunt,"Exploration, Battlefield"
Navigating the Sewers,Empires,Renaissance,Acting Troupe,Flag Bearer,Improve,Old Witch,Scepter,Chariot Race,Enchantress,Gladiator,Patrician,Villa,"Ritual, Sewers, Flag"
No Money Down,Empires,Menagerie,Animal Fair,Cavalry,Sleigh,Stockpile,Wayfarer,Catapult,City Quarter,Crown,Engineer,Villa,"Advance, Way of the Pig"
Detours and Shortcuts,Empires,Menagerie,Camel Train,Fisherman,Gatekeeper,Sanctuary,Snowy Village,Enchantress,Overlord,Sacrifice,Settlers,Wild Hunt,"Transport, Triumphal Arch"
Dusk,Nocturne,,Blessed Village,Cobbler,Den of Sin,Faithful Hound,Fool,Monastery,Night Watchman,Shepherd,Tormentor,Tragic Hero,"Boons, Hexes"
Midnight,Nocturne,,Conclave,Crypt,Cursed Village,Devil's Workshop,Druid,Exorcist,Leprechaun,Pooka,Raider,Secret Cave,"Boons, Hexes, The Swamp's Gift, The Flame's Gift, the Wind's Gift"
Becoming a Monster,Nocturne,Renaissance,Experiment,Mountain Village,Old Witch,Research,Spices,Devil's Workshop,Monastery,Shepherd,Skulk,Tragic Hero,"Hexes, Exploration"
True Believers,Nocturne,Renaissance,Border Guard,Cargo Ship,Scholar,Sculptor,Villain,Blessed Village,Crypt,Faithful Hound,Sacred Grove,Secret Cave,"Boons, Cathedral, Piazza"
Seize the Night,Nocturne,Menagerie,Barge,Falconer,Hostelry,Sheepdog,Supplies,Cobbler,Devil's Workshop,Exorcist,Monastery,Skulk,"Hexes, Seize the Day, Way of the Sheep"
Animal Crackers,Nocturne,Menagerie,Black Cat,Goatherd,Groom,Hunting Lodge,Kiln,Faithful Hound,Pixie,Pooka,Sacred Grove,Shepherd,"Boons, Enhance, Way of the Chameleon"
Overture,Renaissance,,Acting Troupe,Experiment,Flag Bearer,Hideout,Improve,Inventor,Lackeys,Old Witch,Seer,Treasurer,"Fair, Flag, Key"
Prelude,Renaissance,,Border Guard,Cargo Ship,Ducat,Mountain Village,Priest,Recruiter,Sculptor,Silk Merchant,Swashbuckler,Villain,"Citadel, Flag, Horn, Lantern, Treasure Chest"
Biding Time,Renaissance,Menagerie,Cavalry,Coven,Displace,Fisherman,Goatherd,Ducat,Priest,Recruiter,Scepter,Swashbuckler,"Sinister Plot, Treasure Chest, Way of the Turtle "
Villager Madness,Renaissance,Menagerie,Cardinal,Groom,Kiln ,Livery,Wayfarer,Border Guard,Flag Bearer,Patron,Silk Merchant,Spices,"Demand, Academy, Flag, Horn, Lantern"
Intro to Horses,Menagerie,,Animal Fair,Barge,Destrier,Goatherd,Hostelry,Livery,Paddock,Scrap,Sheepdog,Supplies,"Enhance, Way of the Sheep"
Intro to Exile,Menagerie,,Black Cat,Bounty Hunter,Camel Train,Cardinal,Falconer,Mastermind,Sanctuary,Snowy Village,Wayfarer,March,Way of the Worm